id,filename,sourcePdfPage,sourceObject,section,part,placementHeading,caption,rotationClockwise,width,height,sha256
img-0001,pdf-002-r23.png,2,R23,2,1,,မဇ္ဈိမဒေသ မြေပုံ,90,4165,2722,a5ad4fc2535ed1e83addff20972aa07870cb832aa3bd589808de142101982b6c
img-0002,pdf-005-r125.png,5,R125,4,1,စေတီတော်,စေတီတော်နှင့် ကာရံတံတိုင်း ဖွဲ့စည်းပုံ,90,2237,1486,3934c719f888251efdc0d835b1e4ecc3e072efb2d6266e23a553b2fc897ba74e
img-0003,pdf-008-r150.png,8,R150,4,1,ဗုဒ္ဓရုပ်ပွားတော်,ဗုဒ္ဓရုပ်ပွားတော်များ၏ လက်ဟန်အမျိုးမျိုး,90,2627,1741,6d3be257b9408f37cdc0668ddd8f04115e4883884d069e0a6f4608f66278746b
img-0004,pdf-011-r173.png,11,R173,5,1,,လုမ္ဗိနီနှင့် အနီးဝန်းကျင် မြေပုံ,90,2084,1362,f4b97e7e9c227b1a603acba593cc0f630b32efe93cc8f46082bbb679f2e9a3c3
img-0005,pdf-014-r211.png,14,R211,6,1,,ကပိလဝတ်ရှိ ပိပ္ပလိဝန် ရှေးဟောင်းနေရာ ပုံကြမ်း,90,2082,1360,fc32ef2a6e633022fd332604546b464b74397e7fd591ce9799cc048910a153b2
img-0006,pdf-017-r237.png,17,R237,7,1,ဘာကြည့်ရှုရမည်နည်း,မဟာဗောဓိစေတီတော်ဝင်း ပုံကြမ်း,90,2443,1564,5ccd006c11e02440b785f91c99846d88a1c1ae6bd0f1b8862123b1f261e8b367
img-0007,pdf-020-r347.png,20,R347,7,2,ခေတ်သစ်ဗုဒ္ဓဘာသာ,ဗုဒ္ဓဂါယာ မြေပုံ,90,3346,2268,29197df5956a2f825ee7b30dce60f7dc8853f0567189db7435dc4648cd050915
img-0008,pdf-023-r413.png,23,R413,8,1,,သာရနာထ မြေပုံ,90,2319,1434,8c37addc174f7c094f8ce42125bc641fca07b305df32db3c820d79b5e2bf95ac
img-0009,pdf-026-r436.png,26,R436,8,1,မူလဂန္ဓကုဋိဝိဟာရ,သာရနာထရှိ မူလဂန္ဓကုဋိဝိဟာရနှင့် အနီးဝန်းကျင်,0,1335,1287,2716509672dbfaeb57018c43d0c0b5fe0806026a05e059c922f2b514161232ff
img-0010,pdf-029-r495.png,29,R495,10,1,,ရာဇဂြိုဟ်မြို့နှင့် အနီးဝန်းကျင် မြေပုံ,90,2084,1360,320793e9a76cd265ed495279d906cd344bc75d21b66af4eea3fa2484bda4fc39
img-0011,pdf-030-r501.png,30,R501,10,1,ရာဇဂြိုဟ်မြို့သစ်,ရာဇဂြိုဟ်မြို့သစ် ပုံကြမ်း,90,2081,1361,4fef71ba0ce2de61449f97cc10285ce507e1d9e0236778291895cce0c2db2d66
img-0012,pdf-033-r527.png,33,R527,10,1,ဇီဝကသရက်တော,ဇီဝကသရက်တော ကျောင်းတော် ပုံကြမ်း,90,1617,1186,c1d094fd5853e2b764e82d695c848ee1de8bda74b3a50618d36f2adb98fe508c
img-0013,pdf-036-r549.png,36,R549,10,1,ဂိဇ္ဈကုဋ်တောင်,ရာဇဂြိုဟ်တောင်တန်းများ မြေပုံ,0,1361,1022,70c18d48b464ef4d8fcebc53cf3c06e755e11f023bf4eb2d396967c9eadbd1e9
img-0014,pdf-039-r603.png,39,R603,11,1,ဘာကြည့်ရှုရမည်နည်း,နာလန္ဒာ ရှေးဟောင်းကျောင်းတိုက် ပုံကြမ်း,90,2082,1365,ba8ce40639eed21ca64f7c2e52d0e4b504eb45ccc7d5ee61cca1c0984ee8e5de
img-0015,pdf-042-r689.png,42,R689,14,1,,ဝေသာလီ မြေပုံ,90,1975,1206,cae50b3c9ae1fe6447e559bd806434117d4ba2b86b8b6bf6be2ce4240962ce48
img-0016,pdf-045-r727.png,45,R727,16,1,ဃောသိတာရုံ,ကောသမ္ဘီရှိ ဃောသိတာရုံကျောင်းတိုက် ပုံကြမ်း,90,2081,1362,cfb873a8e2021b28d53b4f684f0c23b0e55ef4572cf6011e602b985678404f5e
img-0017,pdf-048-r853.png,48,R853,21,1,ဘာကြည့်ရှုရမည်နည်း,သာဝတ္ထိရှိ ဇေတဝန်ကျောင်းတော် ပုံကြမ်း,90,2082,1360,a51bd7a23855824727c84c898ec81b8bc2ea1cb2424a8448bf6411e7620ee107
img-0018,pdf-054-im0.jpg,54,Im0,5,1,အသောက ကျောက်စာတိုင်,လုမ္ဗိနီရှိ အသောကမင်းကြီး၏ ကျောက်စာ,0,750,562,e0968edd8c854b03fbc5ad96d55d119ac25ba69e1640b8828fd11176a14ca489
img-0019,pdf-054-im1.png,54,Im1,10,1,ငြိမ်းချမ်းရေးစေတီ,ရာဇဂြိုဟ်ရှိ ဂျပန်ငြိမ်းချမ်းရေးစေတီ,90,600,480,5987ff951ef899e4350757395f1a2fb73816d446cfafe9bc7219b6549afa02b5
img-0020,pdf-054-im2.png,54,Im2,6,1,သာကီဝင်တို့၏ စေတီတော်,ကပိလဝတ်မှ ဓာတ်တော်ကြုတ် — ဒေလီ အမျိုးသားပြတိုက်,90,417,288,24a3578043c57d602a6173359ce97d9c01165733c1fd985bfeaa9e89ace1589b
img-0021,pdf-055-im0.png,55,Im0,7,1,မဟာဗောဓိစေတီတော်ကြီး,ဗုဒ္ဓဂါယာ မဟာဗောဓိစေတီတော်၏ ထိပ်ပိုင်း,90,440,362,f52f0eed586e6221539bb5d78627167974ce04ac07f7ab874eda60fd1013c392
img-0022,pdf-055-im1.png,55,Im1,7,2,ခေတ်သစ်ဗုဒ္ဓဘာသာ,ဗုဒ္ဓဂါယာရှိ ထိုင်းဘုရားကျောင်း၏ ဗိမာန်,90,435,331,0e4aa0df0a8e61580c6e3887c3f4878f07aaa1becfd2af0a15e9d04f294eed07
img-0023,pdf-055-im2.jpg,55,Im2,7,2,ဗောဓိပင်,ဗုဒ္ဓဂါယာ ဗောဓိပင်အနီးရှိ ဘုရားဖူးများ,0,666,434,b3598f5e2a9f32619ecd6374fb1e9feae372048666ee443e4dc54e6c1d922f55
img-0024,pdf-056-im0.jpg,56,Im0,7,2,ပုဗ္ဗဗောဓိတောင်,ဗုဒ္ဓဂါယာအနီး ပရက်ဗောဓိရှိ တိဗက်ဘုရားကျောင်း,0,662,441,0d04a52b01226ff9a8df0d74ed71fbdb780c8f4a0cef6eb6ae96dec3ea41df8e
img-0025,pdf-056-im1.jpg,56,Im1,7,2,ပုဗ္ဗဗောဓိတောင်,ဗုဒ္ဓဂါယာအနီး ပရက်ဗောဓိတောင်ထိပ်မှ မြင်ကွင်း,0,611,459,6ecc9063478fd673aabcaae9c34076cb452dcf135d3dd69a0dd0dfd42ceeb563
img-0026,pdf-057-im0.jpg,57,Im0,8,1,မူလဂန္ဓကုဋိဝိဟာရရှိ နံရံ,သာရနာထ မူလဂန္ဓကုဋိဝိဟာရရှိ နံရံဆေးရေးပန်းချီ,0,859,620,f98d02357f6b697240a982ae148af941c34f8891ccd5e7268859cd0b089a9674
img-0027,pdf-057-im1.jpg,57,Im1,8,1,မူလဂန္ဓကုဋိဝိဟာရ,သာရနာထ မူလဂန္ဓကုဋိဝိဟာရ,0,781,552,635bc3522c7e6a7ec4a5ec1bb714395891778f574f3842a210b6cdedda7dc38c
img-0028,pdf-058-im0.jpg,58,Im0,8,1,အသောကကျောက်တိုင်,သာရနာထရှိ ကျောက်စာပါ အသောကကျောက်တိုင်အကျိုး,0,800,530,a794c4584867f137c40d8140bdd8c46d2483e0006aada139c454f13dc72ce64f
img-0029,pdf-058-im1.jpg,58,Im1,8,1,ဓမ္မေခစေတီ,သာရနာထ ဓမ္မေခစေတီ၏ အလှဆင်လက်ရာများ,0,624,441,361239e9bca3ed1501c9d1f050c3b4b04b2e63105867a9a7ebc69286edb596a1
img-0030,pdf-059-im0.png,59,Im0,4,1,ဗုဒ္ဓရုပ်ပွားတော်,အဝလောကိတေသွရ သီဟနာဒ — လက်ခ်နောင်း ပြည်နယ်ပြတိုက်,90,398,249,7d8ca95fc977ad8a4d5b37d9ad0e627966d4c4cec4a00bde641d240f121c58a2
img-0031,pdf-059-im1.jpg,59,Im1,4,1,ကာရံတံတိုင်း,ဘာရဟု စေတီ၏ ကာရံတံတိုင်း — ကိုလ်ကတ္တား အိန္ဒိယပြတိုက်,0,605,438,361d81e7195489de8966f66ae9810b7aefde5f5011ef0b12dc7cfc78db3d28ac
img-0032,pdf-059-im2.png,59,Im2,4,1,ဗုဒ္ဓရုပ်ပွားတော်,ဗုဒ္ဓ၏ ပရိနိဗ္ဗာန်ကို ဖော်ပြသော ကျောက်ချပ် — ကိုလ်ကတ္တား အိန္ဒိယပြတိုက်,90,369,287,5d5b702ab389bc748abea36f839db83d0da1503560a598d4a4fb4922b11b3bc6
img-0033,pdf-060-im0.jpg,60,Im0,10,1,ရာဇဂြိုဟ်မြို့ဟောင်း၏ တံတိုင်းများ,ရာဇဂြိုဟ်၏ ရှေးဟောင်းမြို့ရိုးများ,0,800,600,58bfcdb2c70ca4244e3fb082ac4f49d648f271269405bd161bb0dc24660fa543
img-0034,pdf-060-im1.jpg,60,Im1,10,1,အဇာတသတ်မင်း၏ စေတီတော်,ရာဇဂြိုဟ်ရှိ အဇာတသတ်မင်း၏ စေတီတော်,0,719,436,a2fdba62f11429e6a658ccf9a2c6aa70c8ce96c991692feb7a79a3b1d2445dd0
img-0035,pdf-061-im0.jpg,61,Im0,11,1,ရှေးဟောင်းသုတေသန ပြတိုက်,မဟာနိဒါနသုတ် ရေးထိုးထားသော အုတ်ချပ် — နာလန္ဒာပြတိုက်,0,571,395,ff77e93ba9d5665ec95ee28792191572b77ef53ee640a1dcf7bcb556fae3fe9f
img-0036,pdf-061-im1.jpg,61,Im1,11,1,အမှတ် (၂) ဘုရားကျောင်းနေရာ,နာလန္ဒာ ဘုရားကျောင်းနေရာ (၂) ရှိ ထွင်းထုလက်ရာများ,0,698,474,18d66c778a640a725145581969b4e572ec6760318cce9cd6bcbae1c8340fde6c
img-0037,pdf-062-im0.png,62,Im0,20,1,ကာအူအာဒို,ကာအူအာဒိုရှိ ဗုဒ္ဓရုပ်ပွားတော်,90,523,425,444f87ff12a5788cad1845cedb614eb1edbede54c3eb9c370ddbddbcd5c37938
img-0038,pdf-062-im1.png,62,Im1,20,1,တယ်လ်ဟာရာ,တယ်လ်ဟာရာရှိ ရေကြာပန်းကိုင် အမျိုးသမီးဒါယိကာပုံ,90,640,494,58de5f8113723298cb67180f8b87ee838e4ad905b271d8f6e86daa5917060c12
img-0039,pdf-062-im2.jpg,62,Im2,20,1,ကာအူအာဒို,ကာအူအာဒို ရှေးဟောင်းကျောင်းတိုက်၏ ကျောက်တိုင်များ,0,583,437,3cb6b9e8de21d0734a1c111036c9cde8bb4ab123e9444c3f350e25ba35fe8afb
img-0040,pdf-063-im0.jpg,63,Im0,16,1,ဃောသိတာရုံ,ကောသမ္ဘီ ဃောသိတာရုံကျောင်းတိုက် အပျက်အစီးများ,0,578,434,dda1f5c57bec67da73aafc1202f48d621455bf36e834221b74ac7951da81da86
img-0041,pdf-063-im1.jpg,63,Im1,15,1,စေတီတော်,ကေသာရိယစေတီ,0,630,438,28c0e942fd3183fe5c2c2a38b91eadfb1e59a0880a91070d738f7c57351ab516
img-0042,pdf-064-im0.jpg,64,Im0,16,1,ပရာဘိုဆာတောင်ကုန်း,ကောသမ္ဘီအနီး ပရာဘိုဆာတောင်ကုန်း,0,639,439,076c8491561a3e2bc00113003ad0af82b85a103ddd3c7abed200be30bdccbfdd
img-0043,pdf-064-im1.jpg,64,Im1,14,1,ခြင်္သေ့ကျောက်တိုင်,ဝေသာလီရှိ အသောကမင်း၏ ခြင်္သေ့ကျောက်တိုင်,0,585,439,81a638f45ae0bcb3a135847d4c9dd98f9fe152ac5809ac8c4fce87317f43d798
img-0044,pdf-065-im0.jpg,65,Im0,13,1,ဝိကြမသီလာ,ဝိကြမသီလာ၏ ယေဘုယျမြင်ကွင်း,0,700,439,9f2ae2622324deb49ff3ae50fa2d694ab57427e94a556a02facba4db93a4375a
img-0045,pdf-065-im1.jpg,65,Im1,13,1,ဝိကြမသီလာ,ဝိကြမသီလာ ပင်မဘုရားကျောင်းရှိ စဉ့်မြေလက်ရာများ,0,701,440,24a5fa374aa27c3b61446591e371ff4ef916c759efa870641f1e8d0373241686
img-0046,pdf-066-im0.png,66,Im0,7,2,ကော့ချ်,ကော့ချ်ရှိ မျက်နှာပျက်စီးနေသော ဗုဒ္ဓရုပ်ပွားတော်,90,444,333,fcc2dd9031ceccede5b85b68218ce5b191bb41edf6647e4b69bc5d8fe8ccd0ee
img-0047,pdf-066-im1.png,66,Im1,12,1,ပတ္တန****ပြတိုက်,ကုရ်ကီဟာရ်မှ ကြေးဗုဒ္ဓရုပ်ပွားတော် — ပတ္တနပြတိုက်,90,640,480,2bd3efbe7d0844b93fb87f68c5dd274b2c1891a02f77209d1a2695d7b3b28131
img-0048,pdf-066-im2.png,66,Im2,12,1,ပတ္တန****ပြတိုက်,ဝိရှ်နုပူရ်မှ အဝလောကိတေသွရရုပ်ပွားတော် — ပတ္တနပြတိုက်,90,433,315,8a8907cc062bf004b5b0bcaf5c3f456127859ccda7c9ae5d3c6bcd1c0f6e7e06
img-0049,pdf-066-im3.png,66,Im3,13,1,ဂျဟန်ဂီရာ,ဂျဟန်ဂီရာရှိ ဗုဒ္ဓရုပ်ပွားတော်,90,390,317,a0fb179aed3cf88a7ac846d17921604b289c974855339fb277827d482fffb045
img-0050,pdf-067-im0.jpg,67,Im0,13,1,ဂဂ္ဂရာကြာကန်,စမ္ပာနဂရ၊ ဘာဂလ်ပူရ်ရှိ ဂဂ္ဂရာကြာကန်,0,663,441,e0eebe7528bc0797fb2585cd9087327434e2e45f28177c4812bfa627176bf579
img-0051,pdf-067-im1.jpg,67,Im1,19,1,စေတီတော်ကြီး,လောရိယနန္ဒဂရရှိ စေတီ,0,600,450,40b6bec1efbdd74d5d0cf76decedc89b236e290177bd0e07b6330d6540028281
img-0052,pdf-068-im0.png,68,Im0,20,1,ဓရဝတ်ရွာမှ,ဓရဝတ်ရှိ အဝလောကိတေသွရရုပ်ပွားတော် — ပုံရင်းမြစ် British Library,90,582,440,daf71be2245310988bb728b6480d52d86ae239d90e3728825ca568fea7928c83
img-0053,pdf-068-im1.png,68,Im1,10,1,ရာဇဂြိုဟ် ပတ်ဝန်းကျင်,ဂျေထီယန်ရှိ ဗုဒ္ဓရုပ်ပွားတော်,90,826,598,e6c5b839e9528b7974b15fb91a225a867664bb5833d7ba41c647f56bc7961ead
img-0054,pdf-069-im0.jpg,69,Im0,13,1,ဂျဟန်ဂီရာ,ဂင်္ဂါမြစ်အလယ်ရှိ ဂျဟန်ဂီရာ,0,800,547,137ed370d2409841cba1ff0de5ea33a157a15cc0b28fcc9b91f903e33f37ede7
img-0055,pdf-069-im1.jpg,69,Im1,20,1,လိုမတ်စ်ရီရှိ,ဘာရာဘာတောင်ကုန်းရှိ လိုမတ်စ်ရီရှိလှိုဏ်ဂူ,0,640,480,14349e021d1e80c6e42e76fe9fc6e2dce56d8a8aa7bcc85c7deb967ed758d415
img-0056,pdf-070-im0.jpg,70,Im0,22,1,,ကုသိနာရုံရှိ ပန်းပွင့်နေသော အင်ကြင်းပင်များ,0,657,435,742da2646b0b5ffb603ea7bac096b8dc7221d2e9cabf11b0c0f7d65566f553c3
img-0057,pdf-070-im1.jpg,70,Im1,22,1,ပရိနိဗ္ဗာန်ကျောင်းတော်,ကုသိနာရုံ ပရိနိဗ္ဗာန်ကျောင်းတော်,0,820,480,9fd2c95ce3353689733d1d9eeb11800766f4ce510ff56e6821f9216777c15c7e
img-0058,pdf-071-im0.png,71,Im0,18,1,ဂုရုပ္ပတောင်,ဂုရုပ္ပတောင်ထိပ်မှ မြင်ကွင်း,90,870,574,51d93ae5e538f1da57c12d150fe278b5d7d56c4b8b86bfe0d10137e6ef500429
