id,filename,chapter,section,sectionTitle,sourceParagraph,captionCandidate,width,height,sha256
img-0001,front-001.png,0,1,စာအုပ်မျက်နှာဖုံး,1,သတိပဋ္ဌာန် - နိဗ္ဗာန်သို့ သွားရာ တိုက်ရိုက်လမ်းစဉ်,864,1224,b8b743de57a7e17b7a850ed9d37894aaa9308c92220512b3a530bedb550e0957
img-0002,front-002.png,0,1,အရှင်အနာလယော၏ အတ္ထုပတ္တိအကျဉ်း,170,ကျေးဇူးတင်လွှာ,1424,747,fbf1ee1b7bd8c8209c19d4d075a65e06fb1eca0baa4b1d33cd5ffffe0d042fd4
img-0003,front-003.png,0,3,နိဒါန်း,240,မှတ်ချက်။ ဘုရားရှင်ခေတ် မဟာဇနပဒ ၁၆ တိုင်း၏ မြေပုံ,1555,651,cb485542d6d10510ac45d23f479179beed12c5ef96086a0b0959dd3326fdb56a
img-0004,chapter-01-001.png,1,5,အခန်း (၁) တိုက်ရိုက်လမ်းစဉ်၏ ယေဘုယျရှုထောင့်များ,368,ပုံ ၁.၁ သတိပဋ္ဌာနသုတ်၏ ဖွဲ့စည်းပုံ,3722,4508,8449945bcd631c8461c256741b49502b1d4014b8f1cb9215ad19315adcffe131
img-0005,chapter-01-002.png,1,5,အခန်း (၁) တိုက်ရိုက်လမ်းစဉ်၏ ယေဘုယျရှုထောင့်များ,376,ပုံ ၁.၂ သတိပဋ္ဌာန် ရှုမှတ်မှုများ၏ တိုးတက်ဖြစ်ပေါ်ပုံ,2007,1460,6187655dead407cf24c65e3da05a7dbb02076322c2048fa1311196c1214a5dc8
img-0006,chapter-03-001.jpg,3,7,အခန်း (၃) သတိ,978,ပုံ - ကတ်အမှတ် ၉၊ ၇ နှင့် ၁၀။,379,351,b267a68f16db603d6a3b04248ce4b3076a443ca196c1f408aaafc3b9c60f7442
img-0007,chapter-03-002.jpg,3,7,အခန်း (၃) သတိ,978,ပုံ - ကတ်အမှတ် ၉၊ ၇ နှင့် ၁၀။,512,350,2d37114b0f03f4ebb4587056826deddbefa7f23f37dcc09033dd64c67cf33746
img-0008,chapter-03-003.jpg,3,7,အခန်း (၃) သတိ,978,ပုံ - ကတ်အမှတ် ၉၊ ၇ နှင့် ၁၀။,438,350,bb58a62e937eaae5a9c02c4d19cd72da8b29a077157d1a92f1417250b06ae5d0
img-0009,chapter-06-001.png,6,10,အခန်း (၆) ခန္ဓာကိုယ် (ကာယ),1739,~ သင်္ကေတကို အသုံးပြုခြင်းသည် ထွက်သက်ဝင်သက်ကို သတိမူမိနေခြင်းက အဆင့်တိုင်း၏ နောက်ခံအခြေခံအဖြစ် တည်ရှိနေသည်ကို ညွှန်ပြပါသည်။,2258,1337,8f1635f215b0204253a66dc25e74edb40a3fc97fecfc8eb25730a5393460e79a
img-0010,chapter-15-001.png,15,19,အခန်း (၁၅) နိဂုံး,3516,ကာယကာယပုံ ၁၅.၁ သတိပဋ္ဌာန်၏ ဗဟိုချက် ဝိသေသလက္ခဏာများနှင့် ရှုထောင့်များ,1567,1480,9d9bf35f7a5f35ff51edab27d6b6ce45234744f6244a77c194207a4add0a8f29
img-0011,chapter-15-002.png,15,19,အခန်း (၁၅) နိဂုံး,3527,ပုံ ၁၅.၂ သတိပဋ္ဌာန် ရှုမှတ်မှုများ၏ တက်ကြွသော အပြန်အလှန် ဆက်နွှယ်မှု,2080,1546,aaa8fd7d1564550d5e1067d8680105284ce55f76b9bc4de9ebcc95088c4a1628
img-0012,chapter-15-003.jpg,15,19,အခန်း (၁၅) နိဂုံး,3586,၂။ Neuroplasticity - ဦးနှောက်၏ ပြုပြင်ပြောင်းလဲနိုင်စွမ်း,1421,775,d68b2e2606ad6400082e7cc6d0baa6c362a4e952cc2d57bb0a43fffcce3dac5e
