id,filename,sourcePdfPage,sourceObject,width,height,byteLength,mediaType,caption,captionEnglish,rotationApplied
img-0001,pdf-007-r52.png,7,R52,2293,3375,1692223,image/png,သီရိလင်္ကာ မြေပုံ,Map of Sri Lanka,0
img-0002,pdf-015-r87.png,15,R87,1678,808,29086,image/png,အနုရာဓပူရ ရွှေငါးဥယျာဉ်မှ ဆင်ပန်းပု,"Elephant carving from Goldfish Park, Anuradhapura",0
img-0003,pdf-018-r101.png,18,R101,1959,516,43997,image/png,အနုရာဓပူရမှ အေဒီ ၅ ရာစု ကျောက်စာ,"Inscription from Anuradhapura, 5th century CE",0
img-0004,pdf-019-r109.png,19,R109,1924,1421,67884,image/png,ကျောင်းဝင်ပေါက် ဖွဲ့စည်းပုံ,Temple entrance,0
img-0005,pdf-023-r127.png,23,R127,1376,1528,143431,image/png,သီရိလင်္ကာ စေတီပုံသဏ္ဌာန်များ,Shapes of stupas in Sri Lanka,0
img-0006,pdf-044-r214.png,44,R214,3375,2293,1134855,image/png,အနုရာဓပူရ မြေပုံ,Anuradhapura map,0
img-0007,pdf-045-r221.png,45,R221,3375,2293,1168532,image/png,အနုရာဓပူရ ဝန်းကျင် မြေပုံ,Anuradhapura surroundings map,0
img-0008,pdf-051-r250.png,51,R250,747,752,19115,image/png,ရွှေငါးဥယျာဉ်ရှိ ကျောက်ဝိုင်း ပုံကြမ်း,Sakwala Chakraya at Goldfish Park,0
img-0009,pdf-074-r344.png,74,R344,3375,2293,503494,image/png,ပေါလောန္နရုဝ မြေပုံ,Polonnaruwa map,0
img-0010,pdf-075-r351.png,75,R351,3375,2293,915020,image/png,ပေါလောန္နရုဝ ဘုရားကျောင်းနေရာများ မြေပုံ,Polonnaruwa temple sites map,0
img-0011,pdf-080-r374.png,80,R374,2293,3375,764648,image/png,ပေါလောန္နရုဝ ဘုရားကျောင်းဝင်း ပုံကြမ်း,"Sacred Quadrangle plan, Polonnaruwa",0
img-0012,pdf-088-r409.png,88,R409,1513,922,37617,image/png,တိဝင်္က ပိလိမဂေမှ နတ်ဘုရားပန်းချီ ပုံကြမ်း,Painting of gods from Tivanka Pilimage,0
img-0013,pdf-091-r423.png,91,R423,2293,3375,1021531,image/png,မိဟိန္တလေ မြေပုံ,Mihintale map,0
img-0014,pdf-102-r470.png,102,R470,1376,2025,460524,image/png,ကလုဒိယ ပေါကုန ပုံကြမ်း,Kaludiya Pokuna plan,0
img-0015,pdf-105-r485.png,105,R485,2293,3375,966877,image/png,သီဂိရိယ ပုံကြမ်း,Sigiriya plan,0
img-0016,pdf-129-r584.png,129,R584,1165,534,18258,image/png,အေဒီ ၁ ရာစု ဗုဒ္ဓခြေတော်ရာ ကျောက်ပြားများ,"Stone slabs with sacred footprints, 1st century CE",0
img-0017,pdf-148-r662.png,148,R662,1909,1501,80440,image/png,ကေလနိယ ဘုရားကျောင်း အတွင်းဝင်းရှိ ပန်းချီနေရာ ပုံကြမ်း,"Paintings in inner shrine, Kelaniya Temple",0
img-0018,pdf-155-r693.png,155,R693,1446,733,28165,image/png,အနုရာဓပူရမှ အေဒီ ၈ ရာစု တန္တရ ပုံကြမ်းများ,"Tantric diagrams from Anuradhapura, 8th century CE",0
img-0019,pdf-162-r723.jpg,162,R723,1528,2336,248871,image/jpeg,ကန်ဒီ စွယ်တော်ကျောင်းဝင်း ပုံကြမ်း,"Temple of the Tooth precinct, Kandy",0
img-0020,pdf-165-r737.png,165,R737,1376,2025,460790,image/png,ယာပဟုဝ မြေပုံ,Yapahuwa map,0
img-0021,pdf-179-r796.png,179,R796,2282,1351,58937,image/png,မဟာရာဇလေန မျက်နှာကြက်ပန်းချီ နေရာပြပုံ,Painted panels on roof of Maharaja Lena,0
img-0022,pdf-194-r859.png,194,R859,1423,230,7728,image/png,ရိတိဂလ ကျောက်စွန်းမှ ကျောက်စာ,Inscription from a drip ledge at Ritigala,0
