id,filename,sourcePdfPage,sourcePlate,caption,captionEnglish,suggestedSection,width,height,placementStatus
img-0001,pdf-001-photo-01.png,1,pdf-001-plate.jpg,စာရေးသူ၏ တိဗက်ရသေ့ဝတ်စုံ,The author in Tibet dressed as a hermit,2,1080,1785,Review after GitHub upload
img-0002,pdf-004-photo-01.png,4,pdf-004-plate.jpg,လာမာယုံဒန်,The Lama Yongden,1,1060,1750,Review after GitHub upload
img-0003,pdf-007-photo-01.png,7,pdf-007-plate.jpg,ဘာမီယက် ကူရှော့,Barmiag Kushog,2,800,955,Review after GitHub upload
img-0004,pdf-010-photo-01.png,10,pdf-010-plate.jpg,ဒလိုင်းလာမာ,The Dalai Lama,3,677,852,Review after GitHub upload
img-0005,pdf-010-photo-02.png,10,pdf-010-plate.jpg,ဆစ်ဒ်ကောင် နမ်ဂျယ်၏ သီးသန့်နေအိမ်,The private residence of Sidkeong Namgyal,3,1093,757,Review after GitHub upload
img-0006,pdf-011-photo-01.png,11,pdf-011-plate.jpg,ဂန်တော့ကျောင်းရှိ ဒါဝါဆန်ဒပ်,Dawasandup at his school at Gangtok,3,797,1030,Review after GitHub upload
img-0007,pdf-011-photo-02.png,11,pdf-011-plate.jpg,ဒါဝါဆန်ဒပ်၏ ကျောင်းသားများ,Boys of Dawasandup school,3,1180,825,Review after GitHub upload
img-0008,pdf-014-photo-01.png,14,pdf-014-plate.jpg,လာချန်ဘုန်းကြီးကျောင်း,The monastery at Lachen,3,860,1117,Review after GitHub upload
img-0009,pdf-014-photo-02.png,14,pdf-014-plate.jpg,တိဗက်ဈာပနအခမ်းအနား,A Tibetan funeral,3,1092,758,Review after GitHub upload
img-0010,pdf-015-photo-01.png,15,pdf-015-plate.jpg,တိဗက်သီလရှင်,A nun,3,1135,815,Review after GitHub upload
img-0011,pdf-015-photo-02.png,15,pdf-015-plate.jpg,ဆန်းကြယ်ကျင့်စဉ် လာမာ၏ ကြင်ယာတော်,The sang-yum (consort) of a mystic lama,3,1181,826,Review after GitHub upload
img-0012,pdf-018-photo-01.png,18,pdf-018-plate.jpg,ပေ ၁၂၀၀၀ အမြင့်ရှိ စာရေးသူ၏ ရသေ့ကျောင်း,The author hermitage 12000 feet up,4,985,837,Review after GitHub upload
img-0013,pdf-018-photo-02.png,18,pdf-018-plate.jpg,ဘာသာရေးအခမ်းအနား ပြုလုပ်နေသော လာမာယုံဒန်,Lama Yongden performing a religious ceremony,4,995,837,Review after GitHub upload
img-0014,pdf-021-photo-01.png,21,pdf-021-plate.jpg,ထရန်လွန် မှော်ဆရာ၏ တတိယသား,The third son of the sorcerer of Tranglung,4,790,1016,Review after GitHub upload
img-0015,pdf-021-photo-02.png,21,pdf-021-plate.jpg,တာရှီလာမာ,The Tashi Lama,4,620,849,Review after GitHub upload
img-0016,pdf-022-photo-01.png,22,pdf-022-plate.jpg,မိုတေတောင်ရေကန်မှ ရသေ့,The hermit of the lake Mo-te-tong,4,820,1014,Review after GitHub upload
img-0017,pdf-022-photo-02.png,22,pdf-022-plate.jpg,အမ်ဒိုရှိ လာဘရန်ဘုန်းကြီးကျောင်း,The monastery of Lhabrang in Amdo,4,1080,850,Review after GitHub upload
img-0018,pdf-025-photo-01.png,25,pdf-025-plate.jpg,ကွမ်ဘွမ်ဘုန်းကြီးကျောင်း,The monastery of Kum-Bum,5,1035,1805,Review after GitHub upload
img-0019,pdf-026-photo-01.png,26,pdf-026-plate.jpg,လားဆာရှိ စေရဘုန်းကြီးကျောင်း,The monastery of Sera at Lhasa,5,1025,1800,Review after GitHub upload
img-0020,pdf-029-photo-01.png,29,pdf-029-plate.jpg,တိဗက်အရှေ့ပိုင်းမှ တုလ်ကုလာမာသုံးဦး,Three lamas tulkus of eastern Tibet,6,1035,1800,Review after GitHub upload
img-0021,pdf-030-photo-01.png,30,pdf-030-plate.jpg,ပညာရှိအမျိုးသမီးလာမာနှင့် စာရေးသူ,The author with an erudite lady lama,6,617,882,Review after GitHub upload
img-0022,pdf-030-photo-02.png,30,pdf-030-plate.jpg,ချဒ်ကျင့်စဉ် ပြုလုပ်နေသော နာလ်ဂျော်ပါ,A naljorpa performing the rite of chad,6,1042,665,Review after GitHub upload
img-0023,pdf-033-photo-01.png,33,pdf-033-plate.jpg,ခမ်ဒေသမှ တန်ခိုးရှိသည်ဟု ဆိုသော နာလ်ဂျော်ပါ,A naljorpa from Kham said to be a wonder worker,8,1265,780,Review after GitHub upload
img-0024,pdf-033-photo-02.png,33,pdf-033-plate.jpg,ဒုဘ်ထပ်စ်ကျင့်စဉ် ပြုလုပ်နေသော လာမာများ,Lamas performing the rite of dubthabs,8,1300,765,Review after GitHub upload
img-0025,pdf-034-photo-01.png,34,pdf-034-plate.jpg,အမှောင်တွင်း သီးသန့်ကျင့်ကြံသော တိဗက်ရသေ့,A Tibetan ascetic in seclusion in darkness,9,1040,850,Review after GitHub upload
img-0026,pdf-034-photo-02.png,34,pdf-034-plate.jpg,တုမ္မိုကျင့်စဉ် — နှင်းထဲရှိ ရသေ့,An example of tumo: an ascetic naked in snow,8,1035,855,Review after GitHub upload
img-0027,pdf-037-photo-01.png,37,pdf-037-plate.jpg,တိဗက်ဘုန်းကြီးကျောင်း၏ ရသေ့ကျောင်း,Hermitage of a Tibetan monastery,9,930,880,Review after GitHub upload
img-0028,pdf-037-photo-02.png,37,pdf-037-plate.jpg,တိဗက်အရှေ့မြောက် ချူဘာရှိ ရသေ့ကျောင်းများ,Group of hermitages at Chuba in north-eastern Tibet,9,1080,690,Review after GitHub upload
img-0029,pdf-038-photo-01.png,38,pdf-038-plate.jpg,တိဗက်မြောက်ပိုင်းမှ ငက်စပါလာမာ,A lama magician (ngagspa) from northern Tibet,10,1085,1705,Review after GitHub upload
img-0030,pdf-042-photo-01.png,42,pdf-042-plate.jpg,ဂျန်ဆေးမြို့,The town of Gyantse,,1045,1790,Review after GitHub upload
