id,filename,chapter,section,sourceParagraph,captionCandidate,width,height,sha256
img-0001,front-001.png,0,1,1,မာတိကာ,1054,1492,44b36c52709963b619798908b4a1b2069f91afd8d75e87c9a9bb536808225e44
img-0002,front-002.png,0,2,128,မကြာသေးခင်က ရိုက်ကူးထားသော ခီရို၏ ဓာတ်ပုံ,1056,1489,3f422b7bd5951459883eb6ac2cd3c8e51d5aa2f0a71bd23035f796bbe21bcd0e
img-0003,chapter-06-001.png,6,8,409,မဒမ် ဆာရာ ဘန်းဟတ်၏ ညာလက်ဝါးပြင်,1140,1218,98cdce1631ccd7f26bf782edbfc3cb9f57c4b62a3a248f09e842e84c5d40fcf6
img-0004,chapter-08-001.jpg,8,10,503,(ဝက်စ်အန်းဒ်၊ ရီးဂျင့်လမ်းရှိ ကာရာရာ စကျင်ကျောက်လုပ်ငန်းမှ ထုဆစ်ထားသော ရုပ်တု။),800,1200,7476edc7493bb7ac5a1b6e02ac6539a4a6bf7b7dfc2fb131b7d08606a441e12e
img-0005,chapter-09-001.png,9,11,561,ဆာ အက်ဒဝပ် ဘုရင်ကြီး ကွယ်လွန်ခါနီးအချိန် မာလ်ဘရော့အိမ်တော်ရှိ သူ၏ စာကြည့်တိုက်အတွင်း၌ တွေ့ရစဉ်။,1016,1548,618e2fccce610febf36f661bce22333279f19cc5b5704f49e44c8aff3d42c522
img-0006,chapter-11-001.jpg,11,13,665,ကြင်ယာတော် မေရီ မိဖုရားကြီး,921,1376,fb1bcd8316a201761c974da846aa381eba1ec694b898118f517c8057b9850034
img-0007,chapter-13-001.jpg,13,15,732,လေဒီ ဒီ ဘတ်သ် (မစ္စစ် လန်ထရီ),1017,1519,920f1ad1512e244bdf2f25218789e5b86b92f36a3b2849773aa8191267d3df40
img-0008,chapter-14-001.jpg,14,16,779,(အီဆိုးလ်ဒါး ဇာတ်ကောင်အဖြစ် သရုပ်ဆောင်နေသော) မဒမ် နော်ဒီကာ,993,1528,94dc65a5b966ffa71c73bf072a199280bb35c890cd0df9e43033e9cbff4d16de
img-0009,chapter-15-001.png,15,17,822,နယူးယောက်မြို့တွင် လူသတ်မှုဖြင့် ပြစ်ဒဏ်စီရင်ခြင်းခံရသူ ဒေါက်တာ မေယာ ၏ ညာလက်ဝါးပြင်,894,1071,e5934305125197d7e7db14c2a5010f7b645ccd7cb1083194a87cdf87756c3909
img-0010,chapter-18-001.jpg,18,20,967,မာ့ခ်တွိုင်း,943,1436,66ca322c6c71aab1049c382810891566c3ee06e3fe81c225764d10bba0f76e6e
img-0011,chapter-20-001.png,20,22,1061,စပိန်-အမေရိကန် စစ်ပွဲ၏ သူရဲကောင်း,1035,1520,bb5268c43aa85b489d842d6b055432b850c9bbd3a188aae44706cad74e1e1d35
img-0012,chapter-22-001.jpg,22,24,1109,ပါမောက္ခ ဒီ အိုဒီယာဒီ၏ “အတွေးစက်” ဖြင့် စမ်းသပ်မှုများ ပြုလုပ်နေသော “ခီရို”,937,1410,05a8ce9e1db754d3c70540575a9ed2369f496aec2c7d82c29ec9bc23abb83bcf
img-0013,chapter-22-002.png,22,24,1143,ရွေ့လျားမှုဆိုင်ရာ ရှင်းလင်းချက်။,1558,863,8f8d9da1f8b338aee1c541a9d7a4e6f5bb5381743880b4e62f845dcf1e9094c7
img-0014,chapter-23-001.jpg,23,25,1155,ဆာ အိပ်ခ်ျ အမ် စတန်လေ,831,1294,56e2ec7d996a0503aaf7da8246b297368397305fa390de415810ed575d4c441a
img-0015,chapter-24-001.jpg,24,26,1173,၁၈၉၇ ခုနှစ်၊ ဩဂုတ်လ ၃ ရက်နေ့တွင် မစ္စတာ ဂလက်စတုန်းက ကျွန်ုပ်အား ပေးအပ်ခဲ့သော အမှတ်တရလက်မှတ်ရေးထိုးထားသည့် ဓာတ်ပုံ။,935,1436,c5fcb6b56242ec88b07818b05088316207cd6819969386276dea06eb90bbd22e
img-0016,chapter-24-002.png,24,26,1190,၃-၈-၁၈၉၇ ရက်နေ့တွင် ကူးယူခဲ့သော ဂလက်စတုန်း၏ ညာလက်ဝါး,896,1010,2855283dd4db4ad8ae7363d5b153a130f6bd0097c3e4f965aeafe6792078b5e5
img-0017,chapter-26-001.png,26,28,1272,မိကိုယ်ကိုယ် သေကြောင်းကြံစည်သူတစ်ဦး၏ လက်ဝါးပြင်,862,1058,2fe31bf9b63bd1e8c52b5f69d1cef281c7581b27731f67443c83699b37ae1fbc
img-0018,chapter-27-001.jpg,27,29,1316,ပါမောက္ခ မက်စ်မူလာ,531,809,79e2b97598223354a7f2de914f6b490f62c644e3f8bf01b43fa389760f88a2ff
img-0019,chapter-28-001.jpg,28,30,1334,လော့ဒ် ရပ်ဆဲလ် အော့ဖ် ကီလိုဝမ်,995,1510,97e6e14d0a5d54f693cebafee97eef8b3d41d313a53ac58daea959e1e9b55ce1
img-0020,chapter-28-002.png,28,30,1346,ကွယ်လွန်သူ အင်္ဂလန်နိုင်ငံ၏ တရားသူကြီးချုပ် လော့ဒ် ရပ်ဆဲလ် အော့ဖ် ကီလိုဝမ်၏ ညာလက်ဝါးပြင်,961,1071,564671c28fd8bf6901fc8de11f97fc01301a7290635a2025d9a35b0a094c9c10
img-0021,chapter-29-001.png,29,31,1361,လွှတ်တော်အမတ် ဂုဏ်ထူးဆောင် ဂျိုးဇက် ချိန်ဘာလိန်၏ ညာလက်ဝါးပြင်,809,902,c4b61dd24ce184899915cfb0d86226eb7dae367745887849691cc9f8082f54b2
img-0022,chapter-29-002.jpg,29,31,1365,ဂုဏ်ထူးဆောင် ဩစတင် ချိန်ဘာလိန်၊ လွှတ်တော်အမတ်,1000,1000,fa58926c5f6972adb4cf2e702dd64ee32255f76a8a98a977fac9bfce485edd9d
img-0023,chapter-29-003.png,29,31,1372,ဂုဏ်ထူးဆောင် အေ၊ ဂျေ၊ ဘဲလ်ဖိုး၊ လွှတ်တော်အမတ်,865,1011,dbc56cae9e417ce830ec1b97b567298938a742f5b731e568d025553e5040bffd
